Name,mycities
Adelanto,Adelanto-city
Agoura Hills,Agoura-Hills-city
Alameda,Alameda-city
Albany,Albany-city
Alhambra,Alhambra-city
Aliso Viejo,Aliso-Viejo-city
Alturas,Alturas-city
Amador City,Amador-City-city
American Canyon,American-Canyon-city
Anaheim,Anaheim-city
Anderson,Anderson-city
Angels,Angels-city
Antioch,Antioch-city
Arcadia,Arcadia-city
Arcata,Arcata-city
Arroyo Grande,Arroyo-Grande-city
Artesia,Artesia-city
Arvin,Arvin-city
Atascadero,Atascadero-city
Atwater,Atwater-city
Auburn,Auburn-city
Avalon,Avalon-city
Avenal,Avenal-city
Azusa,Azusa-city
Bakersfield,Bakersfield-city
Baldwin Park,Baldwin-Park-city
Banning,Banning-city
Barstow,Barstow-city
Beaumont,Beaumont-city
Bell,Bell-Gardens-city
Bell Gardens,Bellflower-city
Bellflower,Belmont-city
Belmont,Belvedere-city
Belvedere,Berkeley-city
Berkeley,Beverly-Hills-city
Beverly Hills,Big-Bear-Lake-city
Big Bear Lake,Biggs-city
Biggs,Bishop-city
Bishop,Blue-Lake-city
Blue Lake,Blythe-city
Blythe,Bradbury-city
Bradbury,Brawley-city
Brawley,Brea-city
Brea,Brentwood-city
Brentwood,Brisbane-city
Brisbane,Buellton-city
Buellton,Buena-Park-city
Buena Park,Burbank-city
Burbank,Burlingame-city
Burlingame,Calabasas-city
Calabasas,Calexico-city
Calexico,California-City-city
California City,Calimesa-city
Calimesa,Calipatria-city
Calipatria,Calistoga-city
Calistoga,Camarillo-city
Camarillo,Campbell-city
Campbell,Canyon-Lake-city
Canyon Lake,Capitola-city
Capitola,Carlsbad-city
Carlsbad,Carmel-By-the-Sea-city
Carmel-By-the-Sea,Carpinteria-city
Carpinteria,Carson-city
Carson,Cathedral-City-city
Cathedral City,Ceres-city
Ceres,Cerritos-city
Cerritos,Chico-city
Chico,Chino-city
Chino,Chino-Hills-city
Chino Hills,Chowchilla-city
Chowchilla,Chula-Vista-city
Chula Vista,Citrus-Heights-city
Citrus Heights,Claremont-city
Claremont,Clayton-city
Clayton,Clearlake-city
Clearlake,Cloverdale-city
Cloverdale,Clovis-city
Clovis,Coachella-city
Coachella,Coalinga-city
Coalinga,Colfax-city
Colfax,Colton-city
Colton,Colusa-city
Colusa,Commerce-city
Commerce,Compton-city
Compton,Concord-city
Concord,Corcoran-city
Corcoran,Corning-city
Corning,Corona-city
Corona,Coronado-city
Coronado,Costa-Mesa-city
Costa Mesa,Cotati-city
Cotati,Covina-city
Covina,Crescent-City-city
Crescent City,Cudahy-city
Cudahy,Culver-City-city
Culver City,Cupertino-city
Cupertino,Cypress-city
Cypress,Daly-City-city
Daly City,Dana-Point-city
Dana Point,Davis-city
Davis,Del-Mar-city
Del Mar,Del-Rey-Oaks-city
Del Rey Oaks,Delano-city
Delano,Desert-Hot-Springs-city
Desert Hot Springs,Diamond-Bar-city
Diamond Bar,Dinuba-city
Dinuba,Dixon-city
Dixon,Dorris-city
Dorris,Dos-Palos-city
Dos Palos,Downey-city
Downey,Duarte-city
Duarte,Dublin-city
Dublin,Dunsmuir-city
Dunsmuir,East-Palo-Alto-city
East Palo Alto,Eastvale-city
Eastvale,El-Cajon-city
El Cajon,El-Centro-city
El Centro,El-Cerrito-city
El Cerrito,El-Monte-city
El Monte,El-Segundo-city
El Segundo,Elk-Grove-city
Elk Grove,Emeryville-city
Emeryville,Encinitas-city
Encinitas,Escalon-city
Escalon,Escondido-city
Escondido,Etna-city
Etna,Eureka-city
Eureka,Exeter-city
Exeter,Fairfield-city
Fairfield,Farmersville-city
Farmersville,Ferndale-city
Ferndale,Fillmore-city
Fillmore,Firebaugh-city
Firebaugh,Folsom-city
Folsom,Fontana-city
Fontana,Fort-Bragg-city
Fort Bragg,Fort-Jones-city
Fort Jones,Fortuna-city
Fortuna,Foster-City-city
Foster City,Fountain-Valley-city
Fountain Valley,Fowler-city
Fowler,Fremont-city
Fremont,Fresno-city
Fresno,Fullerton-city
Fullerton,Galt-city
Galt,Garden-Grove-city
Garden Grove,Gardena-city
Gardena,Gilroy-city
Gilroy,Glendale-city
Glendale,Glendora-city
Glendora,Goleta-city
Goleta,Gonzales-city
Gonzales,Grand-Terrace-city
Grand Terrace,Grass-Valley-city
Grass Valley,Greenfield-city
Greenfield,Gridley-city
Gridley,Grover-Beach-city
Grover Beach,Guadalupe-city
Guadalupe,Gustine-city
Gustine,Half-Moon-Bay-city
Half Moon Bay,Hanford-city
Hanford,Hawaiian-Gardens-city
Hawaiian Gardens,Hawthorne-city
Hawthorne,Hayward-city
Hayward,Healdsburg-city
Healdsburg,Hemet-city
Hemet,Hercules-city
Hercules,Hermosa-Beach-city
Hermosa Beach,Hesperia-city
Hesperia,Hidden-Hills-city
Hidden Hills,Highland-city
Highland,Hollister-city
Hollister,Holtville-city
Holtville,Hughson-city
Hughson,Huntington-Beach-city
Huntington Beach,Huntington-Park-city
Huntington Park,Huron-city
Huron,Imperial-city
Imperial,Imperial-Beach-city
Imperial Beach,Indian-Wells-city
Indian Wells,Indio-city
Indio,Industry-city
Industry,Inglewood-city
Inglewood,Ione-city
Ione,Irvine-city
Irvine,Irwindale-city
Irwindale,Isleton-city
Isleton,Jackson-city
Jackson,Jurupa-Valley-city
Jurupa Valley,Kerman-city
Kerman,King-City-city
King City,Kingsburg-city
Kingsburg,La-Cañada-Flintridge-city
La Cañada Flintridge,La-Habra-city
La Habra,La-Habra-Heights-city
La Habra Heights,La-Mesa-city
La Mesa,La-Mirada-city
La Mirada,La-Palma-city
La Palma,La-Puente-city
La Puente,La-Quinta-city
La Quinta,La-Verne-city
La Verne,Lafayette-city
Lafayette,Laguna-Beach-city
Laguna Beach,Laguna-Hills-city
Laguna Hills,Laguna-Niguel-city
Laguna Niguel,Laguna-Woods-city
Laguna Woods,Lake-Elsinore-city
Lake Elsinore,Lake-Forest-city
Lake Forest,Lakeport-city
Lakeport,Lakewood-city
Lakewood,Lancaster-city
Lancaster,Larkspur-city
Larkspur,Lathrop-city
Lathrop,Lawndale-city
Lawndale,Lemon-Grove-city
Lemon Grove,Lemoore-city
Lemoore,Lincoln-city
Lincoln,Lindsay-city
Lindsay,Live-Oak-city
Live Oak,Livermore-city
Livermore,Livingston-city
Livingston,Lodi-city
Lodi,Loma-Linda-city
Loma Linda,Lomita-city
Lomita,Lompoc-city
Lompoc,Long-Beach-city
Long Beach,Los-Alamitos-city
Los Alamitos,Los-Altos-city
Los Altos,Los-Angeles-city
Los Angeles,Los-Banos-city
Los Banos,Loyalton-city
Loyalton,Lynwood-city
Lynwood,Madera-city
Madera,Malibu-city
Malibu,Manhattan-Beach-city
Manhattan Beach,Manteca-city
Manteca,Maricopa-city
Maricopa,Marina-city
Marina,Martinez-city
Martinez,Marysville-city
Marysville,Maywood-city
Maywood,McFarland-city
McFarland,Mendota-city
Mendota,Menifee-city
Menifee,Menlo-Park-city
Menlo Park,Merced-city
Merced,Mill-Valley-city
Mill Valley,Millbrae-city
Millbrae,Milpitas-city
Milpitas,Mission-Viejo-city
Mission Viejo,Modesto-city
Modesto,Monrovia-city
Monrovia,Montague-city
Montague,Montclair-city
Montclair,Monte-Sereno-city
Monte Sereno,Montebello-city
Montebello,Monterey-city
Monterey,Monterey-Park-city
Monterey Park,Moorpark-city
Moorpark,Moreno-Valley-city
Moreno Valley,Morgan-Hill-city
Morgan Hill,Morro-Bay-city
Morro Bay,Mount-Shasta-city
Mount Shasta,Mountain-View-city
Mountain View,Murrieta-city
Murrieta,Napa-city
Napa,National-City-city
National City,Needles-city
Needles,Nevada-City-city
Nevada City,Newark-city
Newark,Newman-city
Newman,Newport-Beach-city
Newport Beach,Norco-city
Norco,Norwalk-city
Norwalk,Novato-city
Novato,Oakdale-city
Oakdale,Oakland-city
Oakland,Oakley-city
Oakley,Oceanside-city
Oceanside,Ojai-city
Ojai,Ontario-city
Ontario,Orange-city
Orange,Orange-Cove-city
Orange Cove,Orinda-city
Orinda,Orland-city
Orland,Oroville-city
Oroville,Oxnard-city
Oxnard,Pacific-Grove-city
Pacific Grove,Pacifica-city
Pacifica,Palm-Desert-city
Palm Desert,Palm-Springs-city
Palm Springs,Palmdale-city
Palmdale,Palo-Alto-city
Palo Alto,Palos-Verdes-Estates-city
Palos Verdes Estates,Paramount-city
Paramount,Parlier-city
Parlier,Pasadena-city
Pasadena,Paso-Robles-city
Paso Robles,Patterson-city
Patterson,Perris-city
Perris,Petaluma-city
Petaluma,Pico-Rivera-city
Pico Rivera,Piedmont-city
Piedmont,Pinole-city
Pinole,Pismo-Beach-city
Pismo Beach,Pittsburg-city
Pittsburg,Placentia-city
Placentia,Placerville-city
Placerville,Pleasant-Hill-city
Pleasant Hill,Pleasanton-city
Pleasanton,Plymouth-city
Plymouth,Point-Arena-city
Point Arena,Pomona-city
Pomona,Port-Hueneme-city
Port Hueneme,Porterville-city
Porterville,Portola-city
Portola,Poway-city
Poway,Rancho-Cordova-city
Rancho Cordova,Rancho-Cucamonga-city
Rancho Cucamonga,Rancho-Mirage-city
Rancho Mirage,Rancho-Palos-Verdes-city
Rancho Palos Verdes,Rancho-Santa-Margarita-city
Rancho Santa Margarita,Red-Bluff-city
Red Bluff,Redding-city
Redding,Redlands-city
Redlands,Redondo-Beach-city
Redondo Beach,Redwood-City-city
Redwood City,Reedley-city
Reedley,Rialto-city
Rialto,Richmond-city
Richmond,Ridgecrest-city
Ridgecrest,Rio-Dell-city
Rio Dell,Rio-Vista-city
Rio Vista,Ripon-city
Ripon,Riverbank-city
Riverbank,Riverside-city
Riverside,Rocklin-city
Rocklin,Rohnert-Park-city
Rohnert Park,Rolling-Hills-city
Rolling Hills,Rolling-Hills-Estates-city
Rolling Hills Estates,Rosemead-city
Rosemead,Roseville-city
Roseville,Sacramento-city
Sacramento,Salinas-city
Salinas,San-Bernardino-city
San Bernardino,San-Bruno-city
San Bruno,San-Carlos-city
San Carlos,San-Clemente-city
San Clemente,San-Diego-city
San Diego,San-Dimas-city
San Dimas,San-Fernando-city
San Fernando,San-Francisco-city
San Francisco,San-Gabriel-city
San Gabriel,San-Jacinto-city
San Jacinto,San-Joaquin-city
San Joaquin,San-Jose-city
San Jose,San-Juan-Bautista-city
San Juan Bautista,San-Juan-Capistrano-city
San Juan Capistrano,San-Leandro-city
San Leandro,San-Luis-Obispo-city
San Luis Obispo,San-Marcos-city
San Marcos,San-Marino-city
San Marino,San-Mateo-city
San Mateo,San-Pablo-city
San Pablo,San-Rafael-city
San Rafael,San-Ramon-city
San Ramon,Sand-City-city
Sand City,Sanger-city
Sanger,Santa-Ana-city
Santa Ana,Santa-Barbara-city
Santa Barbara,Santa-Clara-city
Santa Clara,Santa-Clarita-city
Santa Clarita,Santa-Cruz-city
Santa Cruz,Santa-Fe-Springs-city
Santa Fe Springs,Santa-Maria-city
Santa Maria,Santa-Monica-city
Santa Monica,Santa-Paula-city
Santa Paula,Santa-Rosa-city
Santa Rosa,Santee-city
Santee,Saratoga-city
Saratoga,Sausalito-city
Sausalito,Scotts-Valley-city
Scotts Valley,Seal-Beach-city
Seal Beach,Seaside-city
Seaside,Sebastopol-city
Sebastopol,Selma-city
Selma,Shafter-city
Shafter,Shasta-Lake-city
Shasta Lake,Sierra-Madre-city
Sierra Madre,Signal-Hill-city
Signal Hill,Simi-Valley-city
Simi Valley,Solana-Beach-city
Solana Beach,Soledad-city
Soledad,Solvang-city
Solvang,Sonoma-city
Sonoma,Sonora-city
Sonora,South-El-Monte-city
South El Monte,South-Gate-city
South Gate,South-Lake-Tahoe-city
South Lake Tahoe,South-Pasadena-city
South Pasadena,South-San-Francisco-city
South San Francisco,St.-Helena-city
St. Helena,Stanton-city
Stanton,Stockton-city
Stockton,Suisun-City-city
Suisun City,Sunnyvale-city
Sunnyvale,Susanville-city
Susanville,Sutter-Creek-city
Sutter Creek,Taft-city
Taft,Tehachapi-city
Tehachapi,Tehama-city
Tehama,Temecula-city
Temecula,Temple-City-city
Temple City,Thousand-Oaks-city
Thousand Oaks,Torrance-city
Torrance,Tracy-city
Tracy,Trinidad-city
Trinidad,Tulare-city
Tulare,Tulelake-city
Tulelake,Turlock-city
Turlock,Tustin-city
Tustin,Twentynine-Palms-city
Twentynine Palms,Ukiah-city
Ukiah,Union-City-city
Union City,Upland-city
Upland,Vacaville-city
Vacaville,Vallejo-city
Vallejo,Ventura-city
Ventura,Vernon-city
Vernon,Victorville-city
Victorville,Villa-Park-city
Villa Park,Visalia-city
Visalia,Vista-city
Vista,Walnut-city
Walnut,Walnut-Creek-city
Walnut Creek,Wasco-city
Wasco,Waterford-city
Waterford,Watsonville-city
Watsonville,Weed-city
Weed,West-Covina-city
West Covina,West-Hollywood-city
West Hollywood,West-Sacramento-city
West Sacramento,Westlake-Village-city
Westlake Village,Westminster-city
Westminster,Westmorland-city
Westmorland,Wheatland-city
Wheatland,Whittier-city
Whittier,Wildomar-city
Wildomar,Williams-city
Williams,Willits-city
Willits,Willows-city
Willows,Winters-city
Winters,Woodlake-city
Woodlake,Woodland-city
Woodland,Yorba-Linda-city
Yorba Linda,Yreka-city
Yreka,Yuba-City-city
Yuba City,Yucaipa-city
Yucaipa,
